1,": ATA ONEIDA POODLE BW Molrieg — | Could wie Dapper, te Chosen JSdue TL : uncuckatded , unrobbad , Sbwhketd = frome | : Aistende aud Cleidoy} by oloctors, Gea aud . yee. nawnacl badly . fet at aug Tu bow, he bk YO tig or daw ~ Ile fp'Eted Bre hou, a ead rarduattr or Hla ) | fletdy old of To cresstoctay. : |"
"[→0,0]","[→0,1]"
"[→0,0]","[→0,1]"
"[→0,0]","[→0,1]"
"[→0,0]","[→0,1]"
"[→0,0]","[→0,1]"
"[→0,0]","[→0,1]"
"[→0,0]","[→0,1]"
"[→0,0]","[→0,1]"
"[→0,0]","[→0,1]"
"[→0,0]","[→0,1]"
"[→0,0]","[→0,1]"
"[→0,0]","[→0,1]"
"[→0,0]",
"[→0,0]",
"[→0,0]",
"[→0,0]",
"[→0,0]",
"[→0,0]",
"[→0,0]",
"[→0,0]",
"[→0,0]",
